{
  "best_model": "Weighted Ensemble",
  "best_f1_score": 0.7692307692307693,
  "optimal_threshold": 0.21000000000000002,
  "test_metrics": {
    "accuracy": 0.9890610756608933,
    "precision": 0.625,
    "recall": 1.0,
    "f1": 0.7692307692307693,
    "roc_auc": 0.9948932219127204,
    "brier": 0.008788889977878288
  },
  "confusion_matrix": [
    [
      1065,
      12
    ],
    [
      0,
      20
    ]
  ]
}